vendor,product,version,cve_number,severity,score,source,cvss_version,cvss_vector,paths,remarks,comments,epss_probability,epss_percentile
haxx,curl,7.20.0,CVE-2010-3842,MEDIUM,5.8,NVD,2,AV:N/AC:M/Au:N/C:N/I:P/A:P,/tmp/tmp85c6jj8v/curl-7.20.0-4.fc13.x86_64.rpm contains /usr/bin/curl,NewFound,,0.00307,0.66562
haxx,curl,7.20.0,CVE-2011-2192,MEDIUM,4.3,NVD,2,AV:N/AC:M/Au:N/C:P/I:N/A:N,/tmp/tmp85c6jj8v/curl-7.20.0-4.fc13.x86_64.rpm contains /usr/bin/curl,NewFound,,0.00228,0.60908
haxx,curl,7.20.0,CVE-2011-3389,MEDIUM,4.3,NVD,2,AV:N/AC:M/Au:N/C:P/I:N/A:N,/tmp/tmp85c6jj8v/curl-7.20.0-4.fc13.x86_64.rpm contains /usr/bin/curl,NewFound,,0.003,0.66124
haxx,curl,7.20.0,CVE-2012-0036,HIGH,7.5,NVD,2,AV:N/AC:L/Au:N/C:P/I:P/A:P,/tmp/tmp85c6jj8v/curl-7.20.0-4.fc13.x86_64.rpm contains /usr/bin/curl,NewFound,,0.00919,0.81064
haxx,curl,7.20.0,CVE-2013-1944,MEDIUM,5,NVD,2,AV:N/AC:L/Au:N/C:P/I:N/A:N,/tmp/tmp85c6jj8v/curl-7.20.0-4.fc13.x86_64.rpm contains /usr/bin/curl,NewFound,,0.00758,0.79025
haxx,curl,7.20.0,CVE-2013-2174,MEDIUM,6.8,NVD,2,AV:N/AC:M/Au:N/C:P/I:P/A:P,/tmp/tmp85c6jj8v/curl-7.20.0-4.fc13.x86_64.rpm contains /usr/bin/curl,NewFound,,0.09274,0.94075
haxx,curl,7.20.0,CVE-2013-4545,MEDIUM,4.3,NVD,2,AV:N/AC:M/Au:N/C:N/I:P/A:N,/tmp/tmp85c6jj8v/curl-7.20.0-4.fc13.x86_64.rpm contains /usr/bin/curl,NewFound,,0.0021,0.58794
haxx,curl,7.20.0,CVE-2014-0015,MEDIUM,4,NVD,2,AV:N/AC:H/Au:N/C:P/I:P/A:N,/tmp/tmp85c6jj8v/curl-7.20.0-4.fc13.x86_64.rpm contains /usr/bin/curl,NewFound,,0.00752,0.78913
haxx,curl,7.20.0,CVE-2014-0138,MEDIUM,6.4,NVD,2,AV:N/AC:L/Au:N/C:P/I:P/A:N,/tmp/tmp85c6jj8v/curl-7.20.0-4.fc13.x86_64.rpm contains /usr/bin/curl,NewFound,,0.00621,0.76512
haxx,curl,7.20.0,CVE-2014-0139,MEDIUM,5.8,NVD,2,AV:N/AC:M/Au:N/C:P/I:P/A:N,/tmp/tmp85c6jj8v/curl-7.20.0-4.fc13.x86_64.rpm contains /usr/bin/curl,NewFound,,0.00193,0.57070
haxx,curl,7.20.0,CVE-2014-3613,MEDIUM,5,NVD,2,AV:N/AC:L/Au:N/C:N/I:P/A:N,/tmp/tmp85c6jj8v/curl-7.20.0-4.fc13.x86_64.rpm contains /usr/bin/curl,NewFound,,0.00561,0.75149
haxx,curl,7.20.0,CVE-2014-3620,MEDIUM,5,NVD,2,AV:N/AC:L/Au:N/C:N/I:P/A:N,/tmp/tmp85c6jj8v/curl-7.20.0-4.fc13.x86_64.rpm contains /usr/bin/curl,NewFound,,0.0055,0.74944
haxx,curl,7.20.0,CVE-2014-3707,MEDIUM,4.3,NVD,2,AV:N/AC:M/Au:N/C:P/I:N/A:N,/tmp/tmp85c6jj8v/curl-7.20.0-4.fc13.x86_64.rpm contains /usr/bin/curl,NewFound,,0.00302,0.66252
haxx,curl,7.20.0,CVE-2014-8150,MEDIUM,4.3,NVD,2,AV:N/AC:M/Au:N/C:N/I:P/A:N,/tmp/tmp85c6jj8v/curl-7.20.0-4.fc13.x86_64.rpm contains /usr/bin/curl,NewFound,,0.00543,0.74787
haxx,curl,7.20.0,CVE-2015-3143,MEDIUM,5,NVD,2,AV:N/AC:L/Au:N/C:N/I:P/A:N,/tmp/tmp85c6jj8v/curl-7.20.0-4.fc13.x86_64.rpm contains /usr/bin/curl,NewFound,,0.01332,0.84513
haxx,curl,7.20.0,CVE-2015-3148,MEDIUM,5,NVD,2,AV:N/AC:L/Au:N/C:N/I:P/A:N,/tmp/tmp85c6jj8v/curl-7.20.0-4.fc13.x86_64.rpm contains /usr/bin/curl,NewFound,,0.00546,0.74862
haxx,curl,7.20.0,CVE-2015-3153,MEDIUM,5,NVD,2,AV:N/AC:L/Au:N/C:P/I:N/A:N,/tmp/tmp85c6jj8v/curl-7.20.0-4.fc13.x86_64.rpm contains /usr/bin/curl,NewFound,,0.00379,0.69929
haxx,curl,7.20.0,CVE-2016-0754,MEDIUM,5.3,NVD,3,CVSS:3.0/AV:N/AC:L/PR:N/UI:N/S:U/C:N/I:L/A:N,/tmp/tmp85c6jj8v/curl-7.20.0-4.fc13.x86_64.rpm contains /usr/bin/curl,NewFound,,0.00096,0.39696
haxx,curl,7.20.0,CVE-2016-0755,HIGH,7.3,NVD,3,CVSS:3.0/AV:N/AC:L/PR:N/UI:N/S:U/C:L/I:L/A:L,/tmp/tmp85c6jj8v/curl-7.20.0-4.fc13.x86_64.rpm contains /usr/bin/curl,NewFound,,0.01703,0.86373
haxx,curl,7.20.0,CVE-2016-4606,CRITICAL,9.8,NVD,3,CVSS:3.1/AV:N/AC:L/PR:N/UI:N/S:U/C:H/I:H/A:H,/tmp/tmp85c6jj8v/curl-7.20.0-4.fc13.x86_64.rpm contains /usr/bin/curl,NewFound,,0.00444,0.72105
haxx,curl,7.20.0,CVE-2016-4802,HIGH,7.8,NVD,3,CVSS:3.0/AV:L/AC:L/PR:L/UI:N/S:U/C:H/I:H/A:H,/tmp/tmp85c6jj8v/curl-7.20.0-4.fc13.x86_64.rpm contains /usr/bin/curl,NewFound,,0.0006,0.23725
haxx,curl,7.20.0,CVE-2016-5419,HIGH,7.5,NVD,3,CVSS:3.0/AV:N/AC:L/PR:N/UI:N/S:U/C:H/I:N/A:N,/tmp/tmp85c6jj8v/curl-7.20.0-4.fc13.x86_64.rpm contains /usr/bin/curl,NewFound,,0.00356,0.68999
haxx,curl,7.20.0,CVE-2016-5420,HIGH,7.5,NVD,3,CVSS:3.0/AV:N/AC:L/PR:N/UI:N/S:U/C:N/I:H/A:N,/tmp/tmp85c6jj8v/curl-7.20.0-4.fc13.x86_64.rpm contains /usr/bin/curl,NewFound,,0.00497,0.73609
haxx,curl,7.20.0,CVE-2016-7141,HIGH,7.5,NVD,3,CVSS:3.0/AV:N/AC:L/PR:N/UI:N/S:U/C:N/I:H/A:N,/tmp/tmp85c6jj8v/curl-7.20.0-4.fc13.x86_64.rpm contains /usr/bin/curl,NewFound,,0.00356,0.69033
haxx,curl,7.20.0,CVE-2016-7167,CRITICAL,9.8,NVD,3,CVSS:3.0/AV:N/AC:L/PR:N/UI:N/S:U/C:H/I:H/A:H,/tmp/tmp85c6jj8v/curl-7.20.0-4.fc13.x86_64.rpm contains /usr/bin/curl,NewFound,,0.02082,0.87851
haxx,curl,7.20.0,CVE-2016-8615,HIGH,7.5,NVD,3,CVSS:3.0/AV:N/AC:L/PR:N/UI:N/S:U/C:N/I:H/A:N,/tmp/tmp85c6jj8v/curl-7.20.0-4.fc13.x86_64.rpm contains /usr/bin/curl,NewFound,,0.00562,0.75169
haxx,curl,7.20.0,CVE-2016-8616,MEDIUM,5.9,NVD,3,CVSS:3.0/AV:N/AC:H/PR:N/UI:N/S:U/C:N/I:H/A:N,/tmp/tmp85c6jj8v/curl-7.20.0-4.fc13.x86_64.rpm contains /usr/bin/curl,NewFound,,0.00557,0.75071
haxx,curl,7.20.0,CVE-2016-8617,HIGH,7,NVD,3,CVSS:3.0/AV:L/AC:H/PR:L/UI:N/S:U/C:H/I:H/A:H,/tmp/tmp85c6jj8v/curl-7.20.0-4.fc13.x86_64.rpm contains /usr/bin/curl,NewFound,,0.00062,0.24894
haxx,curl,7.20.0,CVE-2016-8618,CRITICAL,9.8,NVD,3,CVSS:3.0/AV:N/AC:L/PR:N/UI:N/S:U/C:H/I:H/A:H,/tmp/tmp85c6jj8v/curl-7.20.0-4.fc13.x86_64.rpm contains /usr/bin/curl,NewFound,,0.01294,0.84295
haxx,curl,7.20.0,CVE-2016-8619,CRITICAL,9.8,NVD,3,CVSS:3.0/AV:N/AC:L/PR:N/UI:N/S:U/C:H/I:H/A:H,/tmp/tmp85c6jj8v/curl-7.20.0-4.fc13.x86_64.rpm contains /usr/bin/curl,NewFound,,0.01411,0.84982
haxx,curl,7.20.0,CVE-2016-8620,CRITICAL,9.8,NVD,3,CVSS:3.0/AV:N/AC:L/PR:N/UI:N/S:U/C:H/I:H/A:H,/tmp/tmp85c6jj8v/curl-7.20.0-4.fc13.x86_64.rpm contains /usr/bin/curl,NewFound,,0.00711,0.78276
haxx,curl,7.20.0,CVE-2016-8621,HIGH,7.5,NVD,3,CVSS:3.0/AV:N/AC:L/PR:N/UI:N/S:U/C:H/I:N/A:N,/tmp/tmp85c6jj8v/curl-7.20.0-4.fc13.x86_64.rpm contains /usr/bin/curl,NewFound,,0.00617,0.76431
haxx,curl,7.20.0,CVE-2016-8623,HIGH,7.5,NVD,3,CVSS:3.0/AV:N/AC:L/PR:N/UI:N/S:U/C:H/I:N/A:N,/tmp/tmp85c6jj8v/curl-7.20.0-4.fc13.x86_64.rpm contains /usr/bin/curl,NewFound,,0.00778,0.79339
haxx,curl,7.20.0,CVE-2016-8624,HIGH,7.5,NVD,3,CVSS:3.0/AV:N/AC:L/PR:N/UI:N/S:U/C:N/I:H/A:N,/tmp/tmp85c6jj8v/curl-7.20.0-4.fc13.x86_64.rpm contains /usr/bin/curl,NewFound,,0.00743,0.78787
haxx,curl,7.20.0,CVE-2016-8625,HIGH,7.5,NVD,3,CVSS:3.0/AV:N/AC:L/PR:N/UI:N/S:U/C:N/I:H/A:N,/tmp/tmp85c6jj8v/curl-7.20.0-4.fc13.x86_64.rpm contains /usr/bin/curl,NewFound,,0.00721,0.78454
haxx,curl,7.20.0,CVE-2016-9586,HIGH,8.1,NVD,3,CVSS:3.0/AV:N/AC:H/PR:N/UI:N/S:U/C:H/I:H/A:H,/tmp/tmp85c6jj8v/curl-7.20.0-4.fc13.x86_64.rpm contains /usr/bin/curl,NewFound,,0.01145,0.83118
haxx,curl,7.20.0,CVE-2016-9594,HIGH,8.1,NVD,3,CVSS:3.0/AV:N/AC:H/PR:N/UI:N/S:U/C:H/I:H/A:H,/tmp/tmp85c6jj8v/curl-7.20.0-4.fc13.x86_64.rpm contains /usr/bin/curl,NewFound,,0.01243,0.83926
haxx,curl,7.20.0,CVE-2017-1000100,MEDIUM,6.5,NVD,3,CVSS:3.0/AV:N/AC:L/PR:N/UI:R/S:U/C:H/I:N/A:N,/tmp/tmp85c6jj8v/curl-7.20.0-4.fc13.x86_64.rpm contains /usr/bin/curl,NewFound,,0.00384,0.70095
haxx,curl,7.20.0,CVE-2017-1000254,HIGH,7.5,NVD,3,CVSS:3.0/AV:N/AC:L/PR:N/UI:N/S:U/C:N/I:N/A:H,/tmp/tmp85c6jj8v/curl-7.20.0-4.fc13.x86_64.rpm contains /usr/bin/curl,NewFound,,0.00881,0.80621
haxx,curl,7.20.0,CVE-2017-1000257,CRITICAL,9.1,NVD,3,CVSS:3.0/AV:N/AC:L/PR:N/UI:N/S:U/C:H/I:N/A:H,/tmp/tmp85c6jj8v/curl-7.20.0-4.fc13.x86_64.rpm contains /usr/bin/curl,NewFound,,0.02191,0.88212
haxx,curl,7.20.0,CVE-2017-2629,MEDIUM,6.5,NVD,3,CVSS:3.0/AV:N/AC:L/PR:L/UI:N/S:U/C:N/I:H/A:N,/tmp/tmp85c6jj8v/curl-7.20.0-4.fc13.x86_64.rpm contains /usr/bin/curl,NewFound,,0.00214,0.59296
haxx,curl,7.20.0,CVE-2017-7407,LOW,2.4,NVD,3,CVSS:3.0/AV:P/AC:L/PR:N/UI:N/S:U/C:L/I:N/A:N,/tmp/tmp85c6jj8v/curl-7.20.0-4.fc13.x86_64.rpm contains /usr/bin/curl,NewFound,,0.00106,0.42609
haxx,curl,7.20.0,CVE-2017-9502,MEDIUM,5.3,NVD,3,CVSS:3.0/AV:N/AC:L/PR:N/UI:N/S:U/C:N/I:N/A:L,/tmp/tmp85c6jj8v/curl-7.20.0-4.fc13.x86_64.rpm contains /usr/bin/curl,NewFound,,0.00218,0.59636
haxx,curl,7.20.0,CVE-2018-1000007,CRITICAL,9.8,NVD,3,CVSS:3.1/AV:N/AC:L/PR:N/UI:N/S:U/C:H/I:H/A:H,/tmp/tmp85c6jj8v/curl-7.20.0-4.fc13.x86_64.rpm contains /usr/bin/curl,NewFound,,0.00615,0.76400
haxx,curl,7.20.0,CVE-2018-1000120,CRITICAL,9.8,GAD,3,CVSS:3.0/AV:N/AC:L/PR:N/UI:N/S:U/C:H/I:H/A:H,/tmp/tmp85c6jj8v/curl-7.20.0-4.fc13.x86_64.rpm contains /usr/bin/curl,NewFound,,0.00593,0.75916
haxx,curl,7.20.0,CVE-2018-1000122,CRITICAL,9.1,NVD,3,CVSS:3.0/AV:N/AC:L/PR:N/UI:N/S:U/C:H/I:N/A:H,/tmp/tmp85c6jj8v/curl-7.20.0-4.fc13.x86_64.rpm contains /usr/bin/curl,NewFound,,0.00507,0.73860
haxx,curl,7.20.0,CVE-2018-1000301,CRITICAL,9.1,NVD,3,CVSS:3.0/AV:N/AC:L/PR:N/UI:N/S:U/C:H/I:N/A:H,/tmp/tmp85c6jj8v/curl-7.20.0-4.fc13.x86_64.rpm contains /usr/bin/curl,NewFound,,0.00768,0.79172
haxx,curl,7.20.0,CVE-2018-14618,CRITICAL,9.8,NVD,3,CVSS:3.0/AV:N/AC:L/PR:N/UI:N/S:U/C:H/I:H/A:H,/tmp/tmp85c6jj8v/curl-7.20.0-4.fc13.x86_64.rpm contains /usr/bin/curl,NewFound,,0.01765,0.86612
haxx,curl,7.20.0,CVE-2018-16842,CRITICAL,9.1,NVD,3,CVSS:3.0/AV:N/AC:L/PR:N/UI:N/S:U/C:H/I:N/A:H,/tmp/tmp85c6jj8v/curl-7.20.0-4.fc13.x86_64.rpm contains /usr/bin/curl,NewFound,,0.01252,0.83983
haxx,curl,7.20.0,CVE-2019-5436,HIGH,7.8,NVD,3,CVSS:3.1/AV:L/AC:L/PR:L/UI:N/S:U/C:H/I:H/A:H,/tmp/tmp85c6jj8v/curl-7.20.0-4.fc13.x86_64.rpm contains /usr/bin/curl,NewFound,,0.06822,0.93165
haxx,curl,7.20.0,CVE-2019-5443,HIGH,7.8,NVD,3,CVSS:3.1/AV:L/AC:L/PR:N/UI:R/S:U/C:H/I:H/A:H,/tmp/tmp85c6jj8v/curl-7.20.0-4.fc13.x86_64.rpm contains /usr/bin/curl,NewFound,,0.00168,0.53452
haxx,curl,7.20.0,CVE-2019-5482,CRITICAL,9.8,NVD,3,CVSS:3.1/AV:N/AC:L/PR:N/UI:N/S:U/C:H/I:H/A:H,/tmp/tmp85c6jj8v/curl-7.20.0-4.fc13.x86_64.rpm contains /usr/bin/curl,NewFound,,0.09878,0.94250
haxx,curl,7.20.0,CVE-2020-8177,HIGH,7.8,NVD,3,CVSS:3.1/AV:L/AC:L/PR:L/UI:N/S:U/C:H/I:H/A:H,/tmp/tmp85c6jj8v/curl-7.20.0-4.fc13.x86_64.rpm contains /usr/bin/curl,NewFound,,0.00099,0.40517
haxx,curl,7.20.0,CVE-2020-8284,LOW,3.7,NVD,3,CVSS:3.1/AV:N/AC:H/PR:N/UI:N/S:U/C:L/I:N/A:N,/tmp/tmp85c6jj8v/curl-7.20.0-4.fc13.x86_64.rpm contains /usr/bin/curl,NewFound,,0.00232,0.61213
haxx,curl,7.20.0,CVE-2021-22876,MEDIUM,5.3,GAD,3,CVSS:3.1/AV:N/AC:L/PR:N/UI:N/S:U/C:L/I:N/A:N,/tmp/tmp85c6jj8v/curl-7.20.0-4.fc13.x86_64.rpm contains /usr/bin/curl,NewFound,,0.00749,0.78873
haxx,curl,7.20.0,CVE-2021-22898,LOW,3.1,NVD,3,CVSS:3.1/AV:N/AC:H/PR:N/UI:R/S:U/C:L/I:N/A:N,/tmp/tmp85c6jj8v/curl-7.20.0-4.fc13.x86_64.rpm contains /usr/bin/curl,NewFound,,0.00148,0.50707
haxx,curl,7.20.0,CVE-2021-22924,LOW,3.7,GAD,3,CVSS:3.1/AV:N/AC:H/PR:N/UI:N/S:U/C:L/I:N/A:N,/tmp/tmp85c6jj8v/curl-7.20.0-4.fc13.x86_64.rpm contains /usr/bin/curl,NewFound,,0.00154,0.51587
haxx,curl,7.20.0,CVE-2021-22925,MEDIUM,5.3,NVD,3,CVSS:3.1/AV:N/AC:L/PR:N/UI:N/S:U/C:L/I:N/A:N,/tmp/tmp85c6jj8v/curl-7.20.0-4.fc13.x86_64.rpm contains /usr/bin/curl,NewFound,,0.00178,0.54964
haxx,curl,7.20.0,CVE-2021-22946,HIGH,7.5,NVD,3,CVSS:3.1/AV:N/AC:L/PR:N/UI:N/S:U/C:H/I:N/A:N,/tmp/tmp85c6jj8v/curl-7.20.0-4.fc13.x86_64.rpm contains /usr/bin/curl,NewFound,,0.00296,0.65959
haxx,curl,7.20.0,CVE-2021-22947,MEDIUM,5.9,NVD,3,CVSS:3.1/AV:N/AC:H/PR:N/UI:N/S:U/C:N/I:H/A:N,/tmp/tmp85c6jj8v/curl-7.20.0-4.fc13.x86_64.rpm contains /usr/bin/curl,NewFound,,0.00136,0.48757
haxx,curl,7.20.0,CVE-2022-27774,MEDIUM,5.7,NVD,3,CVSS:3.1/AV:N/AC:L/PR:L/UI:R/S:U/C:H/I:N/A:N,/tmp/tmp85c6jj8v/curl-7.20.0-4.fc13.x86_64.rpm contains /usr/bin/curl,NewFound,,0.00146,0.50441
haxx,curl,7.20.0,CVE-2022-27776,MEDIUM,6.5,NVD,3,CVSS:3.1/AV:N/AC:L/PR:N/UI:R/S:U/C:H/I:N/A:N,/tmp/tmp85c6jj8v/curl-7.20.0-4.fc13.x86_64.rpm contains /usr/bin/curl,NewFound,,0.00281,0.64970
haxx,curl,7.20.0,CVE-2022-27781,HIGH,7.5,NVD,3,CVSS:3.1/AV:N/AC:L/PR:N/UI:N/S:U/C:N/I:N/A:H,/tmp/tmp85c6jj8v/curl-7.20.0-4.fc13.x86_64.rpm contains /usr/bin/curl,NewFound,,0.00152,0.51290
haxx,curl,7.20.0,CVE-2022-27782,HIGH,7.5,NVD,3,CVSS:3.1/AV:N/AC:L/PR:N/UI:N/S:U/C:N/I:H/A:N,/tmp/tmp85c6jj8v/curl-7.20.0-4.fc13.x86_64.rpm contains /usr/bin/curl,NewFound,,0.00169,0.53803
haxx,curl,7.20.0,CVE-2022-32206,MEDIUM,6.5,NVD,3,CVSS:3.1/AV:N/AC:L/PR:N/UI:R/S:U/C:N/I:N/A:H,/tmp/tmp85c6jj8v/curl-7.20.0-4.fc13.x86_64.rpm contains /usr/bin/curl,NewFound,,0.00224,0.60568
haxx,curl,7.20.0,CVE-2022-32208,MEDIUM,5.9,NVD,3,CVSS:3.1/AV:N/AC:H/PR:N/UI:N/S:U/C:H/I:N/A:N,/tmp/tmp85c6jj8v/curl-7.20.0-4.fc13.x86_64.rpm contains /usr/bin/curl,NewFound,,0.0025,0.62766
haxx,curl,7.20.0,CVE-2022-32221,CRITICAL,9.8,NVD,3,CVSS:3.1/AV:N/AC:L/PR:N/UI:N/S:U/C:H/I:H/A:H,/tmp/tmp85c6jj8v/curl-7.20.0-4.fc13.x86_64.rpm contains /usr/bin/curl,NewFound,,0.00285,0.65274
haxx,curl,7.20.0,CVE-2022-35252,LOW,3.7,NVD,3,CVSS:3.1/AV:N/AC:H/PR:N/UI:N/S:U/C:N/I:N/A:L,/tmp/tmp85c6jj8v/curl-7.20.0-4.fc13.x86_64.rpm contains /usr/bin/curl,NewFound,,0.00119,0.45709
haxx,curl,7.20.0,CVE-2022-43552,MEDIUM,5.9,NVD,3,CVSS:3.1/AV:N/AC:H/PR:N/UI:N/S:U/C:N/I:N/A:H,/tmp/tmp85c6jj8v/curl-7.20.0-4.fc13.x86_64.rpm contains /usr/bin/curl,NewFound,,0.00052,0.17707
haxx,curl,7.20.0,CVE-2023-27533,HIGH,8.8,NVD,3,CVSS:3.1/AV:N/AC:L/PR:N/UI:R/S:U/C:H/I:H/A:H,/tmp/tmp85c6jj8v/curl-7.20.0-4.fc13.x86_64.rpm contains /usr/bin/curl,NewFound,,0.00095,0.39492
haxx,curl,7.20.0,CVE-2023-27534,HIGH,8.8,NVD,3,CVSS:3.1/AV:N/AC:L/PR:L/UI:N/S:U/C:H/I:H/A:H,/tmp/tmp85c6jj8v/curl-7.20.0-4.fc13.x86_64.rpm contains /usr/bin/curl,NewFound,,0.00134,0.48341
haxx,curl,7.20.0,CVE-2023-27535,MEDIUM,5.9,NVD,3,CVSS:3.1/AV:N/AC:H/PR:N/UI:N/S:U/C:H/I:N/A:N,/tmp/tmp85c6jj8v/curl-7.20.0-4.fc13.x86_64.rpm contains /usr/bin/curl,NewFound,,0.00059,0.22973
haxx,curl,7.20.0,CVE-2023-27538,MEDIUM,5.5,NVD,3,CVSS:3.1/AV:L/AC:L/PR:L/UI:N/S:U/C:H/I:N/A:N,/tmp/tmp85c6jj8v/curl-7.20.0-4.fc13.x86_64.rpm contains /usr/bin/curl,NewFound,,0.00044,0.08273
haxx,curl,7.20.0,CVE-2023-28319,HIGH,7.5,NVD,3,CVSS:3.1/AV:N/AC:L/PR:N/UI:N/S:U/C:H/I:N/A:N,/tmp/tmp85c6jj8v/curl-7.20.0-4.fc13.x86_64.rpm contains /usr/bin/curl,NewFound,,0.00113,0.44598
haxx,curl,7.20.0,CVE-2023-28320,MEDIUM,5.9,NVD,3,CVSS:3.1/AV:N/AC:H/PR:N/UI:N/S:U/C:N/I:N/A:H,/tmp/tmp85c6jj8v/curl-7.20.0-4.fc13.x86_64.rpm contains /usr/bin/curl,NewFound,,0.00097,0.40150
haxx,curl,7.20.0,CVE-2023-28321,MEDIUM,5.9,NVD,3,CVSS:3.1/AV:N/AC:H/PR:N/UI:N/S:U/C:N/I:H/A:N,/tmp/tmp85c6jj8v/curl-7.20.0-4.fc13.x86_64.rpm contains /usr/bin/curl,NewFound,,0.00075,0.30890
haxx,curl,7.20.0,CVE-2023-28322,LOW,3.7,NVD,3,CVSS:3.1/AV:N/AC:H/PR:N/UI:N/S:U/C:L/I:N/A:N,/tmp/tmp85c6jj8v/curl-7.20.0-4.fc13.x86_64.rpm contains /usr/bin/curl,NewFound,,0.0009,0.38012
haxx,curl,7.20.0,CVE-2023-38546,LOW,3.7,NVD,3,CVSS:3.1/AV:N/AC:H/PR:N/UI:N/S:U/C:N/I:L/A:N,/tmp/tmp85c6jj8v/curl-7.20.0-4.fc13.x86_64.rpm contains /usr/bin/curl,NewFound,,0.00046,0.13997
